TimeStep: ,33.8
line number,acceleration,velocity,displacement
0,74.04, 2484.652, 41990.6188
1,24.29, 803.1019999999999, 13572.423799999997
2,32.0, 1063.6999999999998, 17976.529999999995
3,4.45, 132.51, 2239.419
4,74.33, 2494.4539999999997, 42156.27259999999
5,76.41, 2564.758, 43344.41019999999
6,47.2, 1577.46, 26659.073999999997
7,12.77, 413.72599999999994, 6991.969399999998
8,17.06, 558.728, 9442.5032
9,85.8, 2882.14, 48708.16599999999
10,90.13, 3028.4939999999997, 51181.54859999999
11,26.9, 891.3199999999998, 15063.307999999995
12,89.4, 3003.82, 50764.558
13,8.16, 257.90799999999996, 4358.645199999999
14,26.51, 878.138, 14840.5322
15,53.8, 1800.5399999999997, 30429.125999999993
16,67.74, 2271.7119999999995, 38391.93279999999
17,27.09, 897.742, 15171.839799999998
18,71.49, 2398.4619999999995, 40534.00779999999
19,66.89, 2242.982, 37906.3958
20,22.5, 742.5999999999999, 12549.939999999997
21,21.43, 706.434, 11938.734599999998
22,70.63, 2369.394, 40042.758599999994
23,79.72, 2676.6359999999995, 45235.14839999999
24,6.96, 217.34799999999998, 3673.1811999999995
25,67.2, 2253.46, 38083.473999999995
26,44.29, 1479.1019999999999, 24996.823799999995
27,12.15, 392.77, 6637.812999999999
28,74.32, 2494.1159999999995, 42150.56039999999
29,16.93, 554.334, 9368.244599999998
30,20.15, 663.1699999999998, 11207.572999999997
31,71.26, 2390.688, 40402.627199999995
32,3.82, 111.21599999999998, 1879.5503999999994
33,14.94, 487.07199999999995, 8231.516799999998
34,79.27, 2661.4259999999995, 44978.099399999985
35,11.44, 368.77199999999993, 6232.246799999998
36,6.92, 215.99599999999998, 3650.3323999999993
37,1.22, 23.336, 394.37839999999994
38,45.36, 1515.2679999999998, 25608.029199999994
39,8.73, 277.174, 4684.240599999999
40,27.51, 911.938, 15411.752199999999
41,28.21, 935.598, 15811.606199999998
42,53.85, 1802.2299999999998, 30457.686999999994
43,82.76, 2779.388, 46971.657199999994
44,46.27, 1546.026, 26127.8394
45,65.0, 2179.1, 36826.78999999999
46,47.74, 1595.712, 26967.532799999997
47,26.52, 878.4759999999999, 14846.244399999996
48,48.61, 1625.118, 27464.494199999997
49,91.86, 3086.968, 52169.75919999999
50,60.5, 2026.9999999999998, 34256.299999999996
51,58.83, 1970.5539999999999, 33302.36259999999
52,18.23, 598.274, 10110.8306
53,94.1, 3162.6799999999994, 53449.29199999999
54,62.84, 2106.092, 35592.9548
55,97.32, 3271.5159999999996, 55288.62039999999
56,73.69, 2472.8219999999997, 41790.69179999999
57,48.77, 1630.526, 27555.8894
58,69.79, 2341.002, 39562.9338
59,60.91, 2040.8579999999997, 34490.500199999995
60,74.21, 2490.3979999999997, 42087.72619999999
61,60.58, 2029.7039999999997, 34301.997599999995
62,27.32, 905.516, 15303.220399999998
63,49.56, 1657.2279999999998, 28007.153199999993
64,82.65, 2775.67, 46908.823
65,43.82, 1463.216, 24728.350399999996
66,23.44, 774.372, 13086.886799999998
67,16.97, 555.6859999999999, 9391.093399999998
68,88.6, 2976.7799999999997, 50307.581999999995
69,65.94, 2210.872, 37363.73679999999
70,98.11, 3298.218, 55739.88419999999
71,46.54, 1555.1519999999998, 26282.068799999994
72,62.7, 2101.36, 35512.984
73,65.78, 2205.464, 37272.34159999999
74,57.82, 1936.416, 32725.430399999997
75,65.2, 2185.86, 36941.034
76,34.18, 1137.3839999999998, 19221.789599999996
77,33.94, 1129.272, 19084.696799999998
78,36.61, 1219.5179999999998, 20609.854199999994
79,80.81, 2713.478, 45857.7782
80,58.28, 1951.964, 32988.1916
81,96.62, 3247.8559999999998, 54888.76639999999
82,83.22, 2794.9359999999997, 47234.41839999999
83,8.9, 282.92, 4781.348
84,67.47, 2262.586, 38237.70339999999
85,75.15, 2522.17, 42624.672999999995
86,95.69, 3216.4219999999996, 54357.53179999999
87,62.36, 2089.868, 35318.769199999995
88,80.91, 2716.8579999999997, 45914.90019999999
89,3.12, 87.556, 1479.6963999999998
90,69.44, 2329.1719999999996, 39363.00679999999
91,13.77, 447.52599999999995, 7563.189399999998
92,80.49, 2702.662, 45674.987799999995
93,70.59, 2368.042, 40019.909799999994
94,72.55, 2434.2899999999995, 41139.50099999999
95,4.01, 117.63799999999998, 1988.0821999999994
96,48.3, 1614.6399999999999, 27287.415999999994
97,30.55, 1014.6899999999999, 17148.261
98,12.83, 415.75399999999996, 7026.242599999999
99,63.57, 2130.7659999999996, 36009.94539999999
100,0.67, 4.746, 80.2074
101,46.66, 1559.2079999999999, 26350.615199999997
102,15.22, 496.536, 8391.4584
103,32.61, 1084.318, 18324.974199999997
104,46.69, 1560.2219999999998, 26367.751799999995
105,83.23, 2795.274, 47240.1306
106,85.43, 2869.634, 48496.8146
107,15.26, 497.888, 8414.3072
108,45.45, 1518.31, 25659.439
109,38.67, 1289.146, 21786.567399999996
110,95.58, 3212.7039999999997, 54294.69759999999
111,79.54, 2670.552, 45132.328799999996
112,35.62, 1186.0559999999998, 20044.346399999995
113,1.55, 34.49, 582.881
114,91.44, 3072.7719999999995, 51929.846799999985
115,19.51, 641.538, 10841.992199999999
116,63.25, 2119.95, 35827.15499999999
117,65.17, 2184.846, 36923.897399999994
118,86.91, 2919.6579999999994, 49342.22019999999
119,29.07, 964.6659999999999, 16302.855399999997
120,39.35, 1312.1299999999999, 22174.996999999996
121,70.48, 2364.324, 39957.0756
122,81.47, 2735.7859999999996, 46234.78339999999
123,97.72, 3285.0359999999996, 55517.10839999999
124,17.56, 575.6279999999999, 9728.113199999998
125,60.47, 2025.9859999999999, 34239.1634
126,8.68, 275.484, 4655.6795999999995
127,28.01, 928.838, 15697.362199999998
128,93.91, 3156.258, 53340.76019999999
129,19.1, 627.68, 10607.791999999998
130,99.96, 3360.7479999999996, 56796.64119999999
131,91.46, 3073.4479999999994, 51941.27119999999
132,95.6, 3213.3799999999997, 54306.12199999999
133,37.44, 1247.572, 21083.966799999995
134,26.7, 884.56, 14949.063999999998
135,85.21, 2862.1979999999994, 48371.14619999999
136,44.07, 1471.666, 24871.155399999996
137,96.05, 3228.5899999999997, 54563.17099999999
138,66.13, 2217.294, 37472.268599999996
139,25.39, 840.2819999999999, 14200.765799999997
140,48.31, 1614.9779999999998, 27293.128199999996
141,78.07, 2620.8659999999995, 44292.63539999999
142,21.23, 699.674, 11824.4906
143,14.43, 469.83399999999995, 7940.194599999998
144,9.29, 296.1019999999999, 5004.1237999999985
145,30.68, 1019.084, 17222.519599999996
146,13.87, 450.90599999999995, 7620.311399999999
147,49.77, 1664.326, 28127.109399999998
148,93.29, 3135.302, 52986.6038
149,73.8, 2476.5399999999995, 41853.52599999999
150,61.25, 2052.35, 34684.715
151,99.11, 3332.0179999999996, 56311.10419999999
152,62.82, 2105.4159999999997, 35581.53039999999
153,14.51, 472.53799999999995, 7985.892199999998
154,41.02, 1368.576, 23128.9344
155,53.33, 1784.6539999999998, 30160.652599999994
156,37.36, 1244.868, 21038.2692
157,63.15, 2116.5699999999997, 35770.03299999999
158,47.55, 1589.2899999999997, 26859.000999999993
159,82.54, 2771.9519999999998, 46845.98879999999
160,93.05, 3127.1899999999996, 52849.51099999999
161,62.96, 2110.1479999999997, 35661.50119999999
162,43.29, 1445.302, 24425.603799999997
163,62.83, 2105.754, 35587.2426
164,0.27, -8.774, -148.28059999999996
165,38.72, 1290.8359999999998, 21815.128399999994
166,12.63, 408.99399999999997, 6911.998599999999
167,11.89, 383.98199999999997, 6489.295799999999
168,41.33, 1379.0539999999999, 23306.012599999995
169,42.03, 1402.714, 23705.866599999998
170,33.34, 1108.992, 18741.964799999998
171,70.02, 2348.776, 39694.314399999996
172,46.37, 1549.4059999999997, 26184.961399999993
173,20.91, 688.858, 11641.700199999997
174,90.3, 3034.24, 51278.655999999995
175,89.75, 3015.6499999999996, 50964.484999999986
176,35.32, 1175.916, 19872.980399999997
177,69.57, 2333.5659999999993, 39437.26539999999
178,70.35, 2359.93, 39882.816999999995
179,52.28, 1749.164, 29560.8716
180,55.7, 1864.76, 31514.443999999996
181,20.61, 678.718, 11470.334199999998
182,92.82, 3119.4159999999997, 52718.13039999999
183,11.51, 371.138, 6272.2321999999995
184,62.06, 2079.728, 35147.4032
185,26.24, 869.0119999999998, 14686.302799999996
186,50.53, 1690.014, 28561.236599999997
187,77.76, 2610.388, 44115.557199999996
188,91.28, 3067.3639999999996, 51838.451599999986
189,38.13, 1270.894, 21478.1086
190,58.55, 1961.0899999999997, 33142.420999999995
191,92.32, 3102.5159999999996, 52432.52039999999
192,49.85, 1667.03, 28172.806999999997
193,35.5, 1182.0, 19975.8
194,33.82, 1125.216, 19016.150399999995
195,11.17, 359.64599999999996, 6078.017399999999
196,44.19, 1475.7219999999998, 24939.701799999995
197,70.66, 2370.408, 40059.89519999999
198,57.93, 1940.1339999999998, 32788.264599999995
199,11.91, 384.65799999999996, 6500.720199999999
200,53.18, 1779.5839999999998, 30074.969599999993
201,97.74, 3285.7119999999995, 55528.532799999986
202,7.36, 230.868, 3901.6691999999994
203,61.08, 2046.6039999999998, 34587.607599999996
204,63.08, 2114.2039999999997, 35730.04759999999
205,25.43, 841.6339999999999, 14223.614599999997
206,70.7, 2371.7599999999998, 40082.74399999999
207,31.0, 1029.8999999999999, 17405.309999999998
208,59.71, 2000.2979999999998, 33805.036199999995
209,88.16, 2961.9079999999994, 50056.24519999998
210,10.97, 352.88599999999997, 5963.773399999999
211,34.98, 1164.4239999999998, 19678.765599999995
212,99.7, 3351.96, 56648.123999999996
213,60.95, 2042.21, 34513.348999999995
214,72.28, 2425.1639999999998, 40985.27159999999
215,57.62, 1929.6559999999997, 32611.18639999999
216,63.59, 2131.442, 36021.3698
217,53.17, 1779.2459999999999, 30069.257399999995
218,75.14, 2521.832, 42618.96079999999
219,92.88, 3121.4439999999995, 52752.40359999999
220,27.19, 901.122, 15228.961799999997
221,3.58, 103.104, 1742.4575999999997
222,92.13, 3096.0939999999996, 52323.98859999999
223,67.04, 2248.052, 37992.078799999996
224,74.1, 2486.6799999999994, 42024.891999999985
225,65.12, 2183.156, 36895.33639999999
226,46.77, 1562.926, 26413.449399999998
227,15.58, 508.70399999999995, 8597.0976
228,12.75, 413.04999999999995, 6980.544999999998
229,11.56, 372.828, 6300.793199999999
230,32.12, 1067.7559999999999, 18045.076399999994
231,3.69, 106.82199999999999, 1805.2917999999997
232,53.92, 1804.596, 30497.672399999996
233,20.06, 660.1279999999999, 11156.163199999997
234,3.28, 92.96399999999998, 1571.0915999999995
235,28.63, 949.7939999999999, 16051.518599999996
236,51.22, 1713.3359999999998, 28955.378399999994
237,84.01, 2821.638, 47685.682199999996
238,57.59, 1928.642, 32594.049799999997
239,18.61, 611.1179999999999, 10327.894199999999
240,6.06, 186.92799999999997, 3159.083199999999
241,88.42, 2970.696, 50204.76239999999
242,80.25, 2694.5499999999997, 45537.89499999999
243,47.98, 1603.8239999999998, 27104.625599999996
244,91.36, 3070.0679999999998, 51884.14919999999
245,36.9, 1229.32, 20775.507999999998
246,99.22, 3335.736, 56373.93839999999
247,21.05, 693.5899999999999, 11721.670999999998
248,53.57, 1792.7659999999998, 30297.745399999996
249,53.2, 1780.26, 30086.393999999997
250,63.11, 2115.218, 35747.184199999996
251,38.31, 1276.978, 21580.9282
252,11.38, 366.74399999999997, 6197.973599999999
253,93.46, 3141.0479999999993, 53083.71119999998
254,28.4, 942.0199999999999, 15920.137999999997
255,47.56, 1589.628, 26864.7132
256,81.32, 2730.7159999999994, 46149.10039999999
257,95.58, 3212.7039999999997, 54294.69759999999
258,18.24, 598.6119999999999, 10116.542799999997
259,0.09, -14.858, -251.1002
260,25.38, 839.9439999999998, 14195.053599999996
261,61.19, 2050.3219999999997, 34650.44179999999
262,94.15, 3164.37, 53477.852999999996
263,77.25, 2593.1499999999996, 43824.23499999999
264,33.78, 1123.864, 18993.3016
265,12.69, 411.02199999999993, 6946.271799999999
266,63.9, 2141.9199999999996, 36198.44799999999
267,26.36, 873.0679999999999, 14754.849199999997
268,27.34, 906.1919999999999, 15314.644799999996
269,92.75, 3117.0499999999997, 52678.14499999999
270,34.38, 1144.144, 19336.0336
271,46.63, 1558.194, 26333.4786
272,88.1, 2959.8799999999997, 50021.97199999999
273,77.19, 2591.122, 43789.9618
274,6.29, 194.702, 3290.4637999999995
275,95.3, 3203.24, 54134.755999999994
276,4.33, 128.45399999999998, 2170.8725999999997
277,53.05, 1775.1899999999998, 30000.710999999996
278,99.39, 3341.4819999999995, 56471.045799999985
279,42.59, 1421.642, 24025.749799999998
280,46.64, 1558.532, 26339.190799999997
281,73.65, 2471.47, 41767.84299999999
282,91.25, 3066.35, 51821.314999999995
283,89.47, 3006.1859999999997, 50804.54339999999
284,75.56, 2536.028, 42858.873199999995
285,39.7, 1323.96, 22374.924
286,50.58, 1691.7039999999997, 28589.797599999994
287,77.03, 2585.714, 43698.5666
288,17.9, 587.1199999999999, 9922.327999999998
289,71.22, 2389.336, 40379.778399999996
290,46.89, 1566.982, 26481.995799999997
291,57.97, 1941.4859999999999, 32811.113399999995
292,38.85, 1295.23, 21889.387
293,29.22, 969.7359999999999, 16388.538399999998
294,22.16, 731.108, 12355.725199999999
295,71.64, 2403.5319999999997, 40619.69079999999
296,80.24, 2694.2119999999995, 45532.18279999999
297,17.59, 576.6419999999999, 9745.249799999998
298,17.63, 577.9939999999999, 9768.098599999998
299,62.23, 2085.4739999999997, 35244.510599999994
300,31.26, 1038.6879999999999, 17553.827199999996
301,46.16, 1542.3079999999998, 26065.005199999992
302,58.77, 1968.5259999999998, 33268.0894
303,6.4, 198.42, 3353.2979999999993
304,47.36, 1582.868, 26750.469199999996
305,63.88, 2141.2439999999997, 36187.02359999999
306,14.95, 487.4099999999999, 8237.228999999998
307,71.78, 2408.2639999999997, 40699.66159999999
308,35.53, 1183.014, 19992.936599999997
309,77.46, 2600.2479999999996, 43944.19119999999
310,67.01, 2247.038, 37974.9422
311,10.18, 326.18399999999997, 5512.509599999999
312,79.73, 2676.9739999999997, 45240.86059999999
313,55.3, 1851.2399999999998, 31285.955999999995
314,35.29, 1174.9019999999998, 19855.843799999995
315,0.71, 6.097999999999998, 103.05619999999996
316,88.79, 2983.2019999999998, 50416.11379999999
317,79.27, 2661.4259999999995, 44978.099399999985
318,43.62, 1456.456, 24614.106399999997
319,97.16, 3266.1079999999997, 55197.22519999999
320,11.14, 358.632, 6060.8808
321,47.22, 1578.1359999999997, 26670.498399999993
322,20.55, 676.6899999999999, 11436.060999999998
323,1.05, 17.59, 297.27099999999996
324,75.43, 2531.634, 42784.61459999999
325,48.56, 1623.4279999999999, 27435.933199999996
326,68.25, 2288.95, 38683.25499999999
327,77.43, 2599.234, 43927.054599999996
328,84.44, 2836.1719999999996, 47931.30679999999
329,31.57, 1049.166, 17730.905399999996
330,61.38, 2056.7439999999997, 34758.97359999999
331,53.96, 1805.9479999999999, 30520.521199999996
332,10.56, 339.02799999999996, 5729.573199999999
333,56.73, 1899.5739999999998, 32102.800599999995
334,73.78, 2475.864, 41842.101599999995
335,95.28, 3202.564, 54123.33159999999
336,15.73, 513.774, 8682.7806
337,83.26, 2796.288, 47257.267199999995
338,68.96, 2312.9479999999994, 39088.821199999984
339,24.84, 821.6919999999999, 13886.594799999997
340,45.9, 1533.5199999999998, 25916.487999999994
341,67.5, 2263.6, 38254.84
342,32.03, 1064.714, 17993.666599999997
343,73.84, 2477.892, 41876.37479999999
344,30.99, 1029.562, 17399.597799999996
345,61.35, 2055.73, 34741.837
346,65.33, 2190.254, 37015.29259999999
347,73.31, 2459.978, 41573.6282
348,54.5, 1824.1999999999998, 30828.979999999996
349,86.34, 2900.392, 49016.62479999999
350,17.65, 578.67, 9779.523
351,69.39, 2327.482, 39334.445799999994
352,44.4, 1482.82, 25059.657999999996
353,24.85, 822.03, 13892.306999999999
354,67.92, 2277.796, 38494.75239999999
355,34.05, 1132.9899999999998, 19147.530999999995
356,76.15, 2555.97, 43195.893
357,13.76, 447.18799999999993, 7557.477199999998
358,38.3, 1276.6399999999999, 21575.215999999997
359,64.08, 2148.004, 36301.26759999999
360,72.46, 2431.2479999999996, 41088.09119999999
361,47.74, 1595.712, 26967.532799999997
362,68.52, 2298.0759999999996, 38837.48439999999
363,9.65, 308.27, 5209.762999999999
364,30.01, 996.438, 16839.8022
365,99.59, 3348.2419999999997, 56585.28979999999
366,43.84, 1463.892, 24739.7748
367,50.32, 1682.916, 28441.280399999996
368,3.05, 85.18999999999998, 1439.7109999999996
369,43.16, 1440.9079999999997, 24351.345199999992
370,32.16, 1069.1079999999997, 18067.925199999994
371,41.32, 1378.716, 23300.300399999996
372,26.11, 864.6179999999999, 14612.044199999998
373,20.74, 683.1119999999999, 11544.592799999997
374,52.44, 1754.572, 29652.266799999994
375,85.6, 2875.3799999999997, 48593.92199999999
376,63.54, 2129.752, 35992.8088
377,31.44, 1044.772, 17656.6468
378,66.21, 2219.9979999999996, 37517.96619999999
379,48.56, 1623.4279999999999, 27435.933199999996
380,32.42, 1077.896, 18216.442399999996
381,29.42, 976.496, 16502.7824
382,56.58, 1894.5039999999997, 32017.11759999999
383,21.05, 693.5899999999999, 11721.670999999998
384,57.17, 1914.446, 32354.137399999996
385,11.74, 378.912, 6403.612799999999
386,35.23, 1172.8739999999998, 19821.570599999995
387,53.87, 1802.9059999999997, 30469.111399999994
388,79.01, 2652.638, 44829.5822
389,44.37, 1481.8059999999998, 25042.521399999994
390,96.74, 3251.9119999999994, 54957.312799999985
391,32.43, 1078.234, 18222.154599999998
392,61.71, 2067.8979999999997, 34947.47619999999
393,22.02, 726.376, 12275.754399999998
394,21.74, 716.9119999999999, 12115.812799999998
395,33.33, 1108.6539999999998, 18736.252599999996
396,6.04, 186.25199999999998, 3147.6587999999992
397,82.14, 2758.432, 46617.500799999994
398,15.73, 513.774, 8682.7806
399,6.95, 217.01, 3667.4689999999996
400,9.73, 310.974, 5255.460599999999
401,97.3, 3270.8399999999997, 55277.19599999999
402,58.58, 1962.1039999999998, 33159.55759999999
403,59.26, 1985.0879999999997, 33547.987199999996
404,87.29, 2932.502, 49559.2838
405,50.83, 1700.1539999999998, 28732.602599999995
406,31.56, 1048.828, 17725.193199999998
407,64.47, 2161.1859999999997, 36524.043399999995
408,94.41, 3173.1579999999994, 53626.37019999998
409,60.66, 2032.4079999999997, 34347.695199999995
410,82.97, 2786.486, 47091.613399999995
411,25.87, 856.506, 14474.951399999998
412,85.6, 2875.3799999999997, 48593.92199999999
413,53.46, 1789.0479999999998, 30234.911199999995
414,91.63, 3079.1939999999995, 52038.37859999999
415,16.57, 542.1659999999999, 9162.605399999999
416,70.18, 2354.184, 39785.7096
417,7.1, 222.07999999999996, 3753.151999999999
418,87.89, 2952.7819999999997, 49902.015799999994
419,73.93, 2480.934, 41927.7846
420,22.19, 732.122, 12372.861799999999
421,73.37, 2462.006, 41607.901399999995
422,96.32, 3237.7159999999994, 54717.400399999984
423,92.12, 3095.756, 52318.276399999995
424,42.27, 1410.826, 23842.9594
425,64.67, 2167.946, 36638.287399999994
426,71.01, 2382.238, 40259.822199999995
427,55.52, 1858.676, 31411.624399999997
428,66.29, 2222.702, 37563.6638
429,38.68, 1289.484, 21792.279599999998
430,4.7, 140.96, 2382.224
431,82.66, 2776.008, 46914.53519999999
432,64.35, 2157.1299999999997, 36455.49699999999
433,42.98, 1434.8239999999998, 24248.525599999994
434,6.66, 207.208, 3501.8151999999995
435,4.78, 143.664, 2427.9215999999997
436,76.74, 2575.912, 43532.91279999999
437,88.37, 2969.006, 50176.20139999999
438,60.27, 2019.2259999999999, 34124.91939999999
439,86.34, 2900.392, 49016.62479999999
440,88.32, 2967.3159999999993, 50147.64039999998
441,3.55, 102.08999999999999, 1725.3209999999997
442,91.2, 3064.66, 51792.75399999999
443,5.77, 177.12599999999998, 2993.4293999999995
444,52.32, 1750.5159999999998, 29583.720399999995
445,86.99, 2922.3619999999996, 49387.91779999999
446,99.81, 3355.678, 56710.958199999994
447,53.7, 1797.1599999999999, 30372.003999999994
448,35.49, 1181.662, 19970.087799999998
449,12.02, 388.376, 6563.554399999999
450,37.13, 1237.094, 20906.8886
451,73.48, 2465.7239999999997, 41670.73559999999
452,72.3, 2425.8399999999997, 40996.69599999999
453,60.45, 2025.31, 34227.738999999994
454,32.93, 1095.1339999999998, 18507.764599999995
455,64.05, 2146.99, 36284.130999999994
456,83.23, 2795.274, 47240.1306
457,56.76, 1900.5879999999997, 32119.937199999993
458,16.42, 537.096, 9076.9224
459,88.81, 2983.8779999999997, 50427.53819999999
460,33.97, 1130.2859999999998, 19101.833399999996
461,50.0, 1672.1, 28258.489999999994
462,5.44, 165.972, 2804.9267999999997
463,85.73, 2879.774, 48668.18059999999
464,86.23, 2896.674, 48953.79059999999
465,43.87, 1464.9059999999997, 24756.911399999994
466,78.38, 2631.3439999999996, 44469.71359999999
467,53.83, 1801.5539999999999, 30446.262599999995
468,18.67, 613.146, 10362.167399999998
469,6.79, 211.60199999999998, 3576.073799999999
470,84.39, 2834.482, 47902.7458
471,98.96, 3326.9479999999994, 56225.42119999998
472,76.56, 2569.828, 43430.093199999996
473,3.1, 86.88, 1468.2719999999997
474,92.52, 3109.2759999999994, 52546.764399999985
475,58.04, 1943.8519999999999, 32851.09879999999
476,43.13, 1439.894, 24334.208599999998
477,74.26, 2492.0879999999997, 42116.28719999999
478,27.54, 912.9519999999999, 15428.888799999997
479,84.66, 2843.6079999999997, 48056.97519999999
480,11.6, 374.17999999999995, 6323.641999999999
481,64.69, 2168.622, 36649.7118
482,91.72, 3082.236, 52089.78839999999
483,71.89, 2411.982, 40762.4958
484,77.59, 2604.642, 44018.449799999995
485,30.51, 1013.338, 17125.4122
486,25.34, 838.5919999999999, 14172.204799999996
487,7.8, 245.73999999999998, 4153.005999999999
488,64.04, 2146.652, 36278.4188
489,91.7, 3081.56, 52078.363999999994
490,16.17, 528.646, 8934.1174
491,8.41, 266.358, 4501.450199999999
492,37.42, 1246.896, 21072.5424
493,88.07, 2958.8659999999995, 50004.83539999999
494,28.19, 934.9219999999999, 15800.181799999997
495,48.88, 1634.244, 27618.723599999998
496,73.05, 2451.1899999999996, 41425.11099999999
497,77.74, 2609.7119999999995, 44104.132799999985
498,83.41, 2801.3579999999997, 47342.95019999999
499,19.05, 625.99, 10579.231
500,79.91, 2683.0579999999995, 45343.68019999999
501,73.26, 2458.288, 41545.0672
502,96.87, 3256.306, 55031.57139999999
503,61.88, 2073.644, 35044.58359999999
504,0.83, 10.153999999999998, 171.60259999999997
505,44.75, 1494.6499999999999, 25259.584999999995
506,34.9, 1161.7199999999998, 19633.067999999996
507,14.72, 479.63599999999997, 8105.848399999999
508,62.78, 2104.064, 35558.681599999996
509,32.35, 1075.53, 18176.457
510,39.09, 1303.342, 22026.4798
511,62.35, 2089.5299999999997, 35313.05699999999
512,63.52, 2129.076, 35981.384399999995
513,0.65, 4.07, 68.783
514,34.55, 1149.8899999999999, 19433.140999999996
515,28.01, 928.838, 15697.362199999998
516,46.15, 1541.9699999999998, 26059.292999999994
517,36.93, 1230.3339999999998, 20792.644599999996
518,20.02, 658.776, 11133.314399999997
519,74.1, 2486.6799999999994, 42024.891999999985
520,30.85, 1024.83, 17319.626999999997
521,41.73, 1392.5739999999998, 23534.500599999996
522,19.42, 638.496, 10790.5824
523,57.73, 1933.3739999999998, 32674.020599999993
524,44.56, 1488.2279999999998, 25151.053199999995
525,85.64, 2876.732, 48616.7708
526,59.69, 1999.6219999999998, 33793.61179999999
527,87.99, 2956.1619999999994, 49959.13779999998
528,13.45, 436.7099999999999, 7380.3989999999985
529,9.25, 294.75, 4981.275
530,28.3, 938.64, 15863.015999999998
531,61.58, 2063.504, 34873.217599999996
532,60.64, 2031.7319999999997, 34336.27079999999
533,24.51, 810.538, 13698.0922
534,55.13, 1845.494, 31188.848599999998
535,11.34, 365.39199999999994, 6175.124799999999
536,82.08, 2756.4039999999995, 46583.22759999999
537,35.4, 1178.62, 19918.677999999996
538,58.18, 1948.5839999999998, 32931.069599999995
539,88.22, 2963.9359999999997, 50090.51839999999
540,57.19, 1915.1219999999998, 32365.561799999996
541,33.31, 1107.978, 18724.8282
542,90.2, 3030.8599999999997, 51221.53399999999
543,11.54, 372.15199999999993, 6289.368799999998
544,87.89, 2952.7819999999997, 49902.015799999994
545,38.09, 1269.542, 21455.259799999996
546,24.35, 805.13, 13606.696999999998
547,64.47, 2161.1859999999997, 36524.043399999995
548,49.17, 1644.0459999999998, 27784.377399999994
549,50.03, 1673.1139999999998, 28275.626599999996
550,20.92, 689.196, 11647.4124
551,82.23, 2761.4739999999997, 46668.91059999999
552,77.88, 2614.4439999999995, 44184.10359999999
553,49.41, 1652.1579999999997, 27921.470199999992
554,24.25, 801.7499999999999, 13549.574999999997
555,78.93, 2649.934, 44783.8846
556,22.33, 736.8539999999999, 12452.832599999998
557,30.84, 1024.492, 17313.9148
558,49.28, 1647.764, 27847.211599999995
559,85.76, 2880.788, 48685.3172
560,24.6, 813.5799999999999, 13749.501999999997
561,87.64, 2944.332, 49759.21079999999
562,30.63, 1017.3939999999999, 17193.958599999998
563,27.86, 923.7679999999999, 15611.679199999997
564,10.12, 324.15599999999995, 5478.236399999999
565,67.75, 2272.0499999999997, 38397.64499999999
566,23.34, 770.992, 13029.764799999999
567,50.28, 1681.5639999999999, 28418.431599999996
568,14.37, 467.8059999999999, 7905.921399999998
569,7.44, 233.572, 3947.3668
570,64.39, 2158.482, 36478.345799999996
571,14.37, 467.8059999999999, 7905.921399999998
572,85.47, 2870.986, 48519.66339999999
573,11.29, 363.70199999999994, 6146.563799999998
574,26.57, 880.1659999999999, 14874.805399999997
575,25.05, 828.79, 14006.550999999998
576,63.09, 2114.542, 35735.75979999999
577,88.04, 2957.852, 49987.69879999999
578,22.34, 737.1919999999999, 12458.544799999998
579,16.97, 555.6859999999999, 9391.093399999998
580,49.14, 1643.032, 27767.240799999996
581,70.4, 2361.62, 39911.378
582,44.24, 1477.412, 24968.262799999997
583,22.49, 742.2619999999998, 12544.227799999997
584,53.75, 1798.85, 30400.564999999995
585,44.17, 1475.0459999999998, 24928.277399999995
586,60.5, 2026.9999999999998, 34256.299999999996
587,68.52, 2298.0759999999996, 38837.48439999999
588,21.2, 698.66, 11807.354
589,86.87, 2918.306, 49319.371399999996
590,19.9, 654.7199999999999, 11064.767999999998
591,0.45, -2.6900000000000004, -45.461000000000006
592,14.83, 483.354, 8168.682599999999
593,69.56, 2333.228, 39431.553199999995
594,58.17, 1948.2459999999999, 32925.35739999999
595,11.45, 369.10999999999996, 6237.958999999999
596,67.37, 2259.206, 38180.581399999995
597,6.57, 204.166, 3450.4053999999996
598,39.69, 1323.6219999999998, 22369.211799999994
599,63.24, 2119.612, 35821.4428
600,83.72, 2811.836, 47520.028399999996
601,47.7, 1594.36, 26944.683999999997
602,13.19, 427.92199999999997, 7231.881799999999
603,20.47, 673.9859999999999, 11390.363399999997
604,16.83, 550.954, 9311.122599999999
605,94.68, 3182.284, 53780.599599999994
606,7.39, 231.88199999999998, 3918.805799999999
607,84.99, 2854.7619999999997, 48245.47779999999
608,24.31, 803.7779999999999, 13583.848199999997
609,89.67, 3012.946, 50918.787399999994
610,43.86, 1464.5679999999998, 24751.199199999995
611,8.65, 274.46999999999997, 4638.542999999999
612,53.09, 1776.542, 30023.559799999995
613,67.3, 2256.8399999999997, 38140.59599999999
614,98.22, 3301.9359999999997, 55802.71839999999
615,83.66, 2809.8079999999995, 47485.755199999985
616,92.84, 3120.0919999999996, 52729.55479999999
617,83.76, 2813.188, 47542.877199999995
618,97.76, 3286.388, 55539.9572
619,57.89, 1938.782, 32765.415799999995
620,84.64, 2842.932, 48045.55079999999
621,36.58, 1218.504, 20592.717599999996
622,4.15, 122.37, 2068.053
623,99.52, 3345.8759999999997, 56545.30439999999
624,71.22, 2389.336, 40379.778399999996
625,66.76, 2238.588, 37832.1372
626,93.01, 3125.8379999999997, 52826.66219999999
627,39.86, 1329.368, 22466.319199999998
628,26.97, 893.6859999999999, 15103.293399999997
629,91.74, 3082.9119999999994, 52101.21279999999
630,8.68, 275.484, 4655.6795999999995
631,56.32, 1885.716, 31868.600399999996
632,11.94, 385.67199999999997, 6517.856799999999
633,51.49, 1722.462, 29109.607799999998
634,42.3, 1411.8399999999997, 23860.095999999994
635,18.4, 604.0199999999999, 10207.937999999996
636,52.59, 1759.642, 29737.9498
637,63.2, 2118.2599999999998, 35798.59399999999
638,53.91, 1804.2579999999998, 30491.960199999994
639,8.86, 281.568, 4758.499199999999
640,63.64, 2133.132, 36049.930799999995
641,70.52, 2365.6759999999995, 39979.92439999999
642,35.08, 1167.8039999999999, 19735.887599999995
643,49.35, 1650.1299999999999, 27887.196999999996
644,90.78, 3050.464, 51552.84159999999
645,42.02, 1402.376, 23700.154399999996
646,87.94, 2954.4719999999998, 49930.57679999999
647,5.38, 163.944, 2770.6535999999996
648,71.6, 2402.1799999999994, 40596.84199999999
649,20.81, 685.478, 11584.578199999998
650,78.22, 2625.9359999999997, 44378.31839999999
651,18.89, 620.582, 10487.835799999999
652,83.57, 2806.7659999999996, 47434.34539999999
653,52.1, 1743.08, 29458.051999999996
654,5.3, 161.23999999999998, 2724.955999999999
655,18.35, 602.33, 10179.377
656,72.19, 2422.122, 40933.86179999999
657,18.9, 620.9199999999998, 10493.547999999997
658,20.77, 684.126, 11561.729399999998
659,86.36, 2901.0679999999998, 49028.049199999994
660,29.69, 985.622, 16657.011799999997
661,97.18, 3266.784, 55208.6496
662,18.4, 604.0199999999999, 10207.937999999996
663,22.09, 728.742, 12315.739799999998
664,25.5, 843.9999999999999, 14263.599999999997
665,1.59, 35.842, 605.7298
666,12.89, 417.782, 7060.515799999999
667,22.63, 746.9939999999999, 12624.198599999998
668,73.15, 2454.57, 41482.233
669,30.07, 998.4659999999999, 16874.075399999998
670,22.95, 757.81, 12806.988999999998
671,20.83, 686.1539999999999, 11596.002599999996
672,55.23, 1848.8739999999998, 31245.970599999993
673,31.78, 1056.264, 17850.861599999997
674,74.6, 2503.5799999999995, 42310.501999999986
675,59.96, 2008.7479999999998, 33947.841199999995
676,17.97, 589.4859999999999, 9962.313399999997
677,16.3, 533.04, 9008.375999999998
678,45.11, 1506.8179999999998, 25465.224199999993
679,55.67, 1863.7459999999999, 31497.307399999994
680,89.96, 3022.7479999999996, 51084.44119999999
681,94.27, 3168.4259999999995, 53546.39939999999
682,74.63, 2504.5939999999996, 42327.63859999999
683,94.39, 3172.482, 53614.945799999994
684,75.85, 2545.8299999999995, 43024.52699999999
685,89.52, 3007.8759999999997, 50833.10439999999
686,83.34, 2798.9919999999997, 47302.964799999994
687,43.94, 1467.2719999999997, 24796.89679999999
688,25.09, 830.1419999999999, 14029.399799999997
689,91.25, 3066.35, 51821.314999999995
690,44.74, 1494.312, 25253.872799999997
691,6.79, 211.60199999999998, 3576.073799999999
692,78.3, 2628.64, 44424.015999999996
693,20.78, 684.4639999999999, 11567.441599999998
694,82.84, 2782.092, 47017.3548
695,29.59, 982.242, 16599.889799999997
696,49.36, 1650.4679999999998, 27892.909199999995
697,72.27, 2424.8259999999996, 40979.55939999999
698,79.98, 2685.424, 45383.66559999999
699,93.34, 3136.9919999999997, 53015.16479999999
700,9.94, 318.07199999999995, 5375.416799999999
701,49.12, 1642.3559999999998, 27755.816399999992
702,5.42, 165.296, 2793.5024
703,47.89, 1600.782, 27053.215799999998
704,5.3, 161.23999999999998, 2724.955999999999
705,58.51, 1959.7379999999998, 33119.572199999995
706,0.17, -12.153999999999998, -205.40259999999995
707,21.72, 716.2359999999999, 12104.388399999996
708,44.59, 1489.242, 25168.189799999996
709,45.67, 1525.7459999999999, 25785.107399999997
710,82.79, 2780.402, 46988.7938
711,33.28, 1106.964, 18707.6916
712,77.63, 2605.9939999999997, 44041.298599999995
713,45.96, 1535.548, 25950.761199999997
714,73.15, 2454.57, 41482.233
715,53.88, 1803.244, 30474.823599999996
716,90.75, 3049.45, 51535.704999999994
717,8.45, 267.71, 4524.298999999999
718,66.01, 2213.238, 37403.7222
719,23.57, 778.766, 13161.145399999998
720,28.81, 955.8779999999999, 16154.338199999998
721,97.47, 3276.586, 55374.30339999999
722,25.03, 828.1139999999999, 13995.126599999998
723,1.38, 28.743999999999993, 485.7735999999998
724,78.23, 2626.274, 44384.03059999999
725,10.28, 329.56399999999996, 5569.631599999999
726,9.14, 291.032, 4918.440799999999
727,39.2, 1307.06, 22089.314
728,25.81, 854.4779999999998, 14440.678199999997
729,58.29, 1952.302, 32993.90379999999
730,87.87, 2952.1059999999998, 49890.59139999999
731,4.43, 131.83399999999997, 2227.9945999999995
732,42.44, 1416.572, 23940.066799999997
733,46.92, 1567.9959999999999, 26499.132399999995
734,49.91, 1669.0579999999998, 28207.080199999993
735,41.05, 1369.5899999999997, 23146.070999999993
736,27.3, 904.8399999999999, 15291.795999999997
737,54.92, 1838.396, 31068.892399999997
738,60.3, 2020.2399999999998, 34142.056
739,50.57, 1691.3659999999998, 28584.085399999993
740,88.0, 2956.4999999999995, 49964.84999999999
741,57.82, 1936.416, 32725.430399999997
742,75.28, 2526.564, 42698.931599999996
743,95.24, 3201.2119999999995, 54100.48279999999
744,25.47, 842.9859999999999, 14246.463399999997
745,62.07, 2080.066, 35153.115399999995
746,81.32, 2730.7159999999994, 46149.10039999999
747,73.99, 2482.9619999999995, 41962.05779999999
748,38.41, 1280.3579999999997, 21638.050199999994
749,16.7, 546.56, 9236.863999999998
750,84.85, 2850.0299999999997, 48165.50699999999
751,98.5, 3311.3999999999996, 55962.65999999999
752,61.4, 2057.4199999999996, 34770.397999999994
753,47.39, 1583.8819999999998, 26767.605799999994
754,42.72, 1426.0359999999998, 24100.008399999995
755,1.58, 35.504, 600.0175999999999
756,3.33, 94.654, 1599.6526
757,14.21, 462.39799999999997, 7814.526199999998
758,89.91, 3021.0579999999995, 51055.880199999985
759,42.64, 1423.3319999999999, 24054.310799999996
760,58.34, 1953.992, 33022.464799999994
761,28.88, 958.2439999999999, 16194.323599999998
762,90.55, 3042.6899999999996, 51421.46099999999
763,36.66, 1221.2079999999999, 20638.415199999996
764,20.09, 661.1419999999999, 11173.299799999999
765,79.92, 2683.3959999999997, 45349.39239999999
766,11.16, 359.308, 6072.3052
767,21.51, 709.138, 11984.4322
768,42.0, 1401.6999999999998, 23688.729999999996
769,4.62, 138.256, 2336.5263999999997
770,90.96, 3056.5479999999993, 51655.66119999999
771,96.41, 3240.758, 54768.81019999999
772,51.21, 1712.9979999999998, 28949.666199999996
773,16.03, 523.914, 8854.146599999998
774,62.83, 2105.754, 35587.2426
775,9.19, 292.722, 4947.001799999999
776,41.82, 1395.616, 23585.910399999997
777,39.64, 1321.932, 22340.6508
778,60.93, 2041.5339999999999, 34501.9246
779,44.06, 1471.328, 24865.443199999998
780,44.34, 1480.792, 25025.384799999996
781,39.89, 1330.3819999999998, 22483.455799999996
782,36.21, 1205.9979999999998, 20381.366199999997
783,62.71, 2101.698, 35518.69619999999
784,92.6, 3111.9799999999996, 52592.461999999985
785,19.71, 648.298, 10956.2362
786,89.08, 2993.004, 50581.76759999999
787,81.84, 2748.292, 46446.13479999999
788,86.55, 2907.49, 49136.58099999999
789,57.67, 1931.346, 32639.747399999997
790,20.49, 674.6619999999999, 11401.787799999998
791,27.89, 924.7819999999999, 15628.815799999997
792,80.51, 2703.3379999999997, 45686.41219999999
793,6.77, 210.92599999999996, 3564.649399999999
794,97.1, 3264.0799999999995, 55162.95199999998
795,95.63, 3214.394, 54323.258599999994
796,9.32, 297.116, 5021.260399999999
797,16.55, 541.49, 9151.180999999999
798,23.64, 781.132, 13201.130799999997
799,51.9, 1736.3199999999997, 29343.807999999994
800,2.56, 68.628, 1159.8131999999998
801,55.85, 1869.83, 31600.126999999997
802,17.22, 564.136, 9533.898399999998
803,67.46, 2262.2479999999996, 38231.99119999999
804,26.08, 863.6039999999998, 14594.907599999995
805,7.5, 235.59999999999997, 3981.639999999999
806,81.42, 2734.096, 46206.2224
807,30.92, 1027.196, 17359.612399999998
808,33.85, 1126.23, 19033.287
809,78.08, 2621.2039999999997, 44298.347599999994
810,85.95, 2887.21, 48793.848999999995
811,96.76, 3252.5879999999997, 54968.73719999999
812,8.88, 282.244, 4769.9236
813,16.05, 524.59, 8865.571
814,67.31, 2257.178, 38146.30819999999
815,46.5, 1553.8, 26259.219999999998
816,21.51, 709.138, 11984.4322
817,59.78, 2002.6639999999998, 33845.02159999999
818,79.63, 2673.5939999999996, 45183.73859999999
819,96.48, 3243.124, 54808.79559999999
820,35.74, 1190.112, 20112.8928
821,43.3, 1445.6399999999999, 24431.315999999995
822,41.24, 1376.012, 23254.602799999997
823,69.11, 2318.0179999999996, 39174.50419999999
824,49.71, 1662.298, 28092.836199999998
825,72.19, 2422.122, 40933.86179999999
826,42.1, 1405.08, 23745.851999999995
827,54.93, 1838.734, 31074.604599999995
828,65.48, 2195.324, 37100.9756
829,44.4, 1482.82, 25059.657999999996
830,0.07, -15.533999999999997, -262.5245999999999
831,32.41, 1077.5579999999998, 18210.730199999995
832,44.66, 1491.6079999999997, 25208.175199999994
833,31.77, 1055.926, 17845.1494
834,79.89, 2682.3819999999996, 45332.25579999999
835,79.57, 2671.5659999999993, 45149.46539999999
836,21.58, 711.5039999999999, 12024.417599999997
837,56.76, 1900.5879999999997, 32119.937199999993
838,17.61, 577.318, 9756.6742
839,6.72, 209.23599999999996, 3536.088399999999
840,13.95, 453.60999999999996, 7666.008999999998
841,95.69, 3216.4219999999996, 54357.53179999999
842,25.43, 841.6339999999999, 14223.614599999997
843,63.6, 2131.7799999999997, 36027.081999999995
844,91.64, 3079.5319999999997, 52044.09079999999
845,15.33, 500.25399999999996, 8454.292599999999
846,87.25, 2931.1499999999996, 49536.43499999999
847,25.26, 835.888, 14126.5072
848,39.17, 1306.046, 22072.1774
849,2.37, 62.205999999999996, 1051.2813999999998
850,93.42, 3139.696, 53060.86239999999
851,41.45, 1383.11, 23374.558999999997
852,74.27, 2492.4259999999995, 42121.999399999986
853,77.12, 2588.756, 43749.97639999999
854,4.83, 145.35399999999998, 2456.4825999999994
855,41.63, 1389.194, 23477.378599999996
856,66.1, 2216.2799999999997, 37455.13199999999
857,91.86, 3086.968, 52169.75919999999
858,81.05, 2721.5899999999997, 45994.87099999999
859,24.14, 798.0319999999999, 13486.740799999998
860,29.85, 991.03, 16748.407
861,2.28, 59.16399999999999, 999.8715999999997
862,54.94, 1839.0719999999997, 31080.316799999993
863,22.05, 727.39, 12292.891
864,61.56, 2062.828, 34861.7932
865,65.69, 2202.4219999999996, 37220.93179999999
866,87.24, 2930.8119999999994, 49530.72279999999
867,30.52, 1013.6759999999999, 17131.124399999997
868,16.97, 555.6859999999999, 9391.093399999998
869,64.01, 2145.638, 36261.282199999994
870,88.27, 2965.6259999999997, 50119.079399999995
871,0.92, 13.196, 223.01239999999999
872,31.0, 1029.8999999999999, 17405.309999999998
873,71.12, 2385.956, 40322.6564
874,51.41, 1719.7579999999998, 29063.910199999995
875,55.51, 1858.3379999999997, 31405.91219999999
876,21.04, 693.252, 11715.958799999999
877,84.53, 2839.214, 47982.71659999999
878,3.05, 85.18999999999998, 1439.7109999999996
879,53.15, 1778.5699999999997, 30057.83299999999
880,16.11, 526.6179999999999, 8899.844199999998
881,19.41, 638.1579999999999, 10784.870199999998
882,37.07, 1235.0659999999998, 20872.615399999995
883,41.2, 1374.66, 23231.754
884,6.84, 213.29199999999997, 3604.6347999999994
885,19.38, 637.1439999999999, 10767.733599999998
886,68.52, 2298.0759999999996, 38837.48439999999
887,61.84, 2072.292, 35021.7348
888,16.43, 537.434, 9082.6346
889,73.01, 2449.838, 41402.2622
890,10.77, 346.126, 5849.529399999999
891,41.93, 1399.3339999999998, 23648.744599999995
892,51.57, 1725.166, 29155.305399999997
893,37.42, 1246.896, 21072.5424
894,53.09, 1776.542, 30023.559799999995
895,84.77, 2847.3259999999996, 48119.80939999999
896,4.24, 125.41199999999999, 2119.4628
897,61.34, 2055.392, 34736.12479999999
898,91.59, 3077.8419999999996, 52015.52979999999
899,99.35, 3340.1299999999997, 56448.19699999999
900,40.03, 1335.114, 22563.4266
901,68.56, 2299.428, 38860.333199999994
902,45.37, 1515.6059999999998, 25613.741399999995
903,48.22, 1611.936, 27241.718399999998
904,26.79, 887.6019999999999, 15000.473799999996
905,9.92, 317.39599999999996, 5363.992399999999
906,71.85, 2410.6299999999997, 40739.64699999999
907,68.41, 2294.3579999999997, 38774.65019999999
908,28.7, 952.1599999999999, 16091.503999999995
909,16.8, 549.9399999999999, 9293.985999999999
910,80.73, 2710.774, 45812.080599999994
911,21.74, 716.9119999999999, 12115.812799999998
912,15.0, 489.09999999999997, 8265.789999999999
913,92.72, 3116.0359999999996, 52661.00839999999
914,34.04, 1132.6519999999998, 19141.818799999994
915,60.44, 2024.9719999999998, 34222.02679999999
916,10.16, 325.508, 5501.0851999999995
917,60.51, 2027.3379999999997, 34262.01219999999
918,11.45, 369.10999999999996, 6237.958999999999
919,52.17, 1745.446, 29498.037399999997
920,42.84, 1430.092, 24168.554799999998
921,42.37, 1414.206, 23900.081399999995
922,14.81, 482.678, 8157.258199999999
923,94.14, 3164.0319999999997, 53472.140799999994
924,34.64, 1152.932, 19484.550799999997
925,87.54, 2940.9519999999998, 49702.08879999999
926,83.19, 2793.9219999999996, 47217.28179999999
927,60.71, 2034.098, 34376.256199999996
928,6.47, 200.78599999999997, 3393.2833999999993
929,78.09, 2621.542, 44304.059799999995
930,91.03, 3058.9139999999998, 51695.64659999999
931,70.68, 2371.084, 40071.319599999995
932,70.33, 2359.254, 39871.39259999999
933,37.16, 1238.1079999999997, 20924.025199999993
934,5.78, 177.464, 2999.1416
935,31.25, 1038.35, 17548.114999999998
936,17.34, 568.1919999999999, 9602.444799999997
937,36.01, 1199.2379999999998, 20267.122199999994
938,88.5, 2973.3999999999996, 50250.45999999999
939,13.81, 448.878, 7586.038199999999
940,9.01, 286.638, 4844.182199999999
941,46.24, 1545.012, 26110.702799999995
942,31.28, 1039.364, 17565.2516
943,43.75, 1460.85, 24688.364999999998
944,28.25, 936.9499999999999, 15834.454999999998
945,11.81, 381.27799999999996, 6443.5981999999985
946,38.7, 1290.16, 21803.703999999998
947,41.01, 1368.2379999999998, 23123.222199999997
948,48.68, 1627.484, 27504.479599999995
949,21.93, 723.334, 12224.344599999999
950,76.94, 2582.6719999999996, 43647.15679999999
951,31.0, 1029.8999999999999, 17405.309999999998
952,36.79, 1225.6019999999999, 20712.673799999997
953,50.2, 1678.86, 28372.733999999997
954,33.89, 1127.5819999999999, 19056.135799999996
955,56.8, 1901.9399999999998, 32142.785999999993
956,9.92, 317.39599999999996, 5363.992399999999
957,88.03, 2957.5139999999997, 49981.98659999999
958,56.31, 1885.378, 31862.888199999998
959,62.35, 2089.5299999999997, 35313.05699999999
960,34.93, 1162.734, 19650.204599999997
961,41.25, 1376.35, 23260.314999999995
962,56.03, 1875.914, 31702.946599999996
963,84.01, 2821.638, 47685.682199999996
964,67.4, 2260.22, 38197.71799999999
965,77.38, 2597.5439999999994, 43898.49359999999
966,6.08, 187.60399999999998, 3170.5075999999995
967,82.9, 2784.12, 47051.628
968,99.21, 3335.3979999999997, 56368.22619999999
969,8.22, 259.936, 4392.9184
970,79.86, 2681.368, 45315.119199999994
971,74.29, 2493.102, 42133.4238
972,3.5, 100.39999999999999, 1696.7599999999998
973,67.54, 2264.952, 38277.6888
974,21.72, 716.2359999999999, 12104.388399999996
975,61.75, 2069.25, 34970.325
976,40.57, 1353.366, 22871.8854
977,96.6, 3247.1799999999994, 54877.34199999998
978,75.54, 2535.352, 42847.44879999999
979,63.66, 2133.8079999999995, 36061.35519999999
980,15.32, 499.91599999999994, 8448.580399999999
981,81.97, 2752.6859999999997, 46520.39339999999
982,39.72, 1324.6359999999997, 22386.348399999995
983,27.64, 916.332, 15486.010799999998
984,57.84, 1937.0919999999999, 32736.854799999994
985,99.24, 3336.4119999999994, 56385.36279999998
986,61.24, 2052.0119999999997, 34679.002799999995
987,64.23, 2153.074, 36386.9506
988,32.02, 1064.376, 17987.9544
989,4.03, 118.314, 1999.5065999999997
990,29.45, 977.5099999999999, 16519.918999999998
991,95.73, 3217.774, 54380.3806
992,64.25, 2153.75, 36398.375
993,77.3, 2594.8399999999997, 43852.79599999999
994,81.14, 2724.6319999999996, 46046.280799999986
995,8.05, 254.19, 4295.811
996,23.97, 792.286, 13389.633399999999
997,76.01, 2551.238, 43115.92219999999
998,82.27, 2762.8259999999996, 46691.75939999999
999,44.23, 1477.0739999999998, 24962.550599999995
